binary,run,scenario,elements,outputs,ticks_per_sample,samples,median_ns_per_tick,p95_batch_ns_per_tick
baseline,1,stable,0,1,65536,21,40.3,48.8
candidate,1,stable,0,1,65536,21,10.6,12.9
candidate,2,stable,0,1,65536,21,9.6,9.9
baseline,2,stable,0,1,65536,21,13.6,14.7
baseline,3,stable,0,1,65536,21,13.2,14.6
candidate,3,stable,0,1,65536,21,9.3,10.3
baseline,1,move,0,1,65536,21,14.6,15.4
candidate,1,move,0,1,65536,21,9.6,10.0
candidate,2,move,0,1,65536,21,9.0,10.2
baseline,2,move,0,1,65536,21,13.5,14.1
baseline,3,move,0,1,65536,21,13.7,15.1
candidate,3,move,0,1,65536,21,9.6,10.5
baseline,1,rotate,0,1,65536,21,13.6,14.9
candidate,1,rotate,0,1,65536,21,9.6,10.6
candidate,2,rotate,0,1,65536,21,9.4,10.0
baseline,2,rotate,0,1,65536,21,13.7,15.1
baseline,3,rotate,0,1,65536,21,13.8,14.9
candidate,3,rotate,0,1,65536,21,9.6,10.0
baseline,1,reverse,0,1,65536,21,14.8,15.1
candidate,1,reverse,0,1,65536,21,9.7,11.1
candidate,2,reverse,0,1,65536,21,9.6,9.8
baseline,2,reverse,0,1,65536,21,13.7,14.4
baseline,3,reverse,0,1,65536,21,13.6,15.1
candidate,3,reverse,0,1,65536,21,9.4,10.2
baseline,1,churn-quarter,0,1,65536,21,13.5,14.4
candidate,1,churn-quarter,0,1,65536,21,8.4,10.4
candidate,2,churn-quarter,0,1,65536,21,9.4,10.1
baseline,2,churn-quarter,0,1,65536,21,13.7,14.3
baseline,3,churn-quarter,0,1,65536,21,13.9,14.3
candidate,3,churn-quarter,0,1,65536,21,9.1,10.0
baseline,1,replace-all,0,1,65536,21,14.2,15.1
candidate,1,replace-all,0,1,65536,21,9.9,10.8
candidate,2,replace-all,0,1,65536,21,9.6,10.5
baseline,2,replace-all,0,1,65536,21,13.9,15.0
baseline,3,replace-all,0,1,65536,21,14.1,15.0
candidate,3,replace-all,0,1,65536,21,9.7,10.5
baseline,1,stable,0,2,65536,21,27.9,30.2
candidate,1,stable,0,2,65536,21,20.8,22.7
candidate,2,stable,0,2,65536,21,21.5,22.3
baseline,2,stable,0,2,65536,21,28.2,30.5
baseline,3,stable,0,2,65536,21,30.3,31.0
candidate,3,stable,0,2,65536,21,21.8,23.6
baseline,1,move,0,2,65536,21,27.8,29.5
candidate,1,move,0,2,65536,21,21.4,22.7
candidate,2,move,0,2,65536,21,21.0,23.6
baseline,2,move,0,2,65536,21,28.1,30.1
baseline,3,move,0,2,65536,21,27.7,30.1
candidate,3,move,0,2,65536,21,21.7,22.6
baseline,1,rotate,0,2,65536,21,27.9,30.3
candidate,1,rotate,0,2,65536,21,21.9,23.7
candidate,2,rotate,0,2,65536,21,21.7,23.0
baseline,2,rotate,0,2,65536,21,28.6,29.3
baseline,3,rotate,0,2,65536,21,28.1,30.6
candidate,3,rotate,0,2,65536,21,21.5,23.4
baseline,1,reverse,0,2,65536,21,28.2,29.6
candidate,1,reverse,0,2,65536,21,21.8,23.7
candidate,2,reverse,0,2,65536,21,21.3,23.5
baseline,2,reverse,0,2,65536,21,28.4,29.6
baseline,3,reverse,0,2,65536,21,27.9,29.8
candidate,3,reverse,0,2,65536,21,21.3,22.4
baseline,1,churn-quarter,0,2,65536,21,28.1,30.1
candidate,1,churn-quarter,0,2,65536,21,20.3,23.4
candidate,2,churn-quarter,0,2,65536,21,21.6,23.2
baseline,2,churn-quarter,0,2,65536,21,27.7,29.3
baseline,3,churn-quarter,0,2,65536,21,27.7,29.8
candidate,3,churn-quarter,0,2,65536,21,20.5,22.9
baseline,1,replace-all,0,2,65536,21,27.7,29.4
candidate,1,replace-all,0,2,65536,21,21.1,22.1
candidate,2,replace-all,0,2,65536,21,20.4,22.7
baseline,2,replace-all,0,2,65536,21,28.0,29.5
baseline,3,replace-all,0,2,65536,21,28.1,29.8
candidate,3,replace-all,0,2,65536,21,21.6,23.0
baseline,1,stable,0,4,65536,21,54.5,56.6
candidate,1,stable,0,4,65536,21,45.0,46.9
candidate,2,stable,0,4,65536,21,44.6,47.5
baseline,2,stable,0,4,65536,21,55.0,56.6
baseline,3,stable,0,4,65536,21,54.8,56.9
candidate,3,stable,0,4,65536,21,44.4,46.5
baseline,1,move,0,4,65536,21,55.1,57.3
candidate,1,move,0,4,65536,21,44.6,46.3
candidate,2,move,0,4,65536,21,44.4,46.7
baseline,2,move,0,4,65536,21,53.9,55.7
baseline,3,move,0,4,65536,21,54.8,56.8
candidate,3,move,0,4,65536,21,44.4,46.6
baseline,1,rotate,0,4,65536,21,54.9,57.5
candidate,1,rotate,0,4,65536,21,44.5,46.5
candidate,2,rotate,0,4,65536,21,45.6,47.9
baseline,2,rotate,0,4,65536,21,54.5,57.0
baseline,3,rotate,0,4,65536,21,54.0,56.7
candidate,3,rotate,0,4,65536,21,44.8,45.8
baseline,1,reverse,0,4,65536,21,54.9,57.3
candidate,1,reverse,0,4,65536,21,44.6,47.0
candidate,2,reverse,0,4,65536,21,45.0,46.6
baseline,2,reverse,0,4,65536,21,54.7,57.4
baseline,3,reverse,0,4,65536,21,54.4,57.2
candidate,3,reverse,0,4,65536,21,44.3,45.8
baseline,1,churn-quarter,0,4,65536,21,54.6,56.7
candidate,1,churn-quarter,0,4,65536,21,45.2,46.4
candidate,2,churn-quarter,0,4,65536,21,46.1,48.9
baseline,2,churn-quarter,0,4,65536,21,54.8,58.0
baseline,3,churn-quarter,0,4,65536,21,54.5,57.5
candidate,3,churn-quarter,0,4,65536,21,44.1,45.9
baseline,1,replace-all,0,4,65536,21,54.5,56.9
candidate,1,replace-all,0,4,65536,21,44.5,46.0
candidate,2,replace-all,0,4,65536,21,45.1,47.7
baseline,2,replace-all,0,4,65536,21,54.9,58.2
baseline,3,replace-all,0,4,65536,21,53.9,57.1
candidate,3,replace-all,0,4,65536,21,44.7,48.4
baseline,1,stable,8,1,32768,21,95.2,102.1
candidate,1,stable,8,1,32768,21,92.1,97.6
candidate,2,stable,8,1,32768,21,92.8,98.7
baseline,2,stable,8,1,32768,21,93.4,96.8
baseline,3,stable,8,1,32768,21,94.7,97.4
candidate,3,stable,8,1,32768,21,93.2,98.6
baseline,1,move,8,1,8192,21,282.3,296.3
candidate,1,move,8,1,8192,21,278.3,294.0
candidate,2,move,8,1,8192,21,282.7,299.5
baseline,2,move,8,1,8192,21,285.2,305.1
baseline,3,move,8,1,8192,21,283.3,293.3
candidate,3,move,8,1,8192,21,277.6,293.8
baseline,1,rotate,8,1,16384,21,179.9,191.8
candidate,1,rotate,8,1,16384,21,174.3,180.0
candidate,2,rotate,8,1,16384,21,172.4,185.3
baseline,2,rotate,8,1,16384,21,175.4,182.5
baseline,3,rotate,8,1,16384,21,175.8,182.8
candidate,3,rotate,8,1,16384,21,172.6,180.6
baseline,1,reverse,8,1,16384,21,215.2,222.4
candidate,1,reverse,8,1,16384,21,210.7,216.2
candidate,2,reverse,8,1,16384,21,212.1,222.2
baseline,2,reverse,8,1,16384,21,216.4,222.9
baseline,3,reverse,8,1,16384,21,215.9,225.3
candidate,3,reverse,8,1,16384,21,212.3,217.3
baseline,1,churn-quarter,8,1,16384,21,146.7,151.2
candidate,1,churn-quarter,8,1,16384,21,141.6,147.6
candidate,2,churn-quarter,8,1,16384,21,144.0,149.9
baseline,2,churn-quarter,8,1,16384,21,146.2,152.4
baseline,3,churn-quarter,8,1,16384,21,146.4,153.2
candidate,3,churn-quarter,8,1,16384,21,142.6,147.8
baseline,1,replace-all,8,1,8192,21,243.0,259.1
candidate,1,replace-all,8,1,8192,21,240.9,253.5
candidate,2,replace-all,8,1,8192,21,241.5,258.5
baseline,2,replace-all,8,1,8192,21,243.7,255.9
baseline,3,replace-all,8,1,8192,21,245.9,256.6
candidate,3,replace-all,8,1,16384,21,246.2,254.1
baseline,1,stable,8,2,16384,21,187.9,201.5
candidate,1,stable,8,2,16384,21,186.4,192.0
candidate,2,stable,8,2,16384,21,186.5,194.0
baseline,2,stable,8,2,16384,21,189.0,197.0
baseline,3,stable,8,2,16384,21,190.0,198.8
candidate,3,stable,8,2,16384,21,186.5,195.3
baseline,1,move,8,2,4096,21,577.6,605.1
candidate,1,move,8,2,4096,21,564.8,596.7
candidate,2,move,8,2,4096,21,569.7,594.2
baseline,2,move,8,2,4096,21,577.9,601.9
baseline,3,move,8,2,4096,21,572.5,594.6
candidate,3,move,8,2,4096,21,563.0,599.5
baseline,1,rotate,8,2,8192,21,353.7,371.2
candidate,1,rotate,8,2,8192,21,348.3,363.9
candidate,2,rotate,8,2,8192,21,350.3,376.1
baseline,2,rotate,8,2,8192,21,349.9,368.6
baseline,3,rotate,8,2,8192,21,353.3,371.4
candidate,3,rotate,8,2,8192,21,349.6,363.3
baseline,1,reverse,8,2,8192,21,443.8,479.8
candidate,1,reverse,8,2,8192,21,441.8,458.9
candidate,2,reverse,8,2,8192,21,443.1,462.4
baseline,2,reverse,8,2,8192,21,444.0,462.4
baseline,3,reverse,8,2,8192,21,440.7,470.9
candidate,3,reverse,8,2,8192,21,440.9,460.7
baseline,1,churn-quarter,8,2,8192,21,302.8,317.3
candidate,1,churn-quarter,8,2,8192,21,297.6,306.4
candidate,2,churn-quarter,8,2,8192,21,296.1,314.3
baseline,2,churn-quarter,8,2,8192,21,312.1,330.1
baseline,3,churn-quarter,8,2,8192,21,301.9,314.5
candidate,3,churn-quarter,8,2,8192,21,296.6,307.3
baseline,1,replace-all,8,2,4096,21,491.9,526.3
candidate,1,replace-all,8,2,4096,21,495.5,515.8
candidate,2,replace-all,8,2,4096,21,507.6,531.3
baseline,2,replace-all,8,2,4096,21,500.5,547.8
baseline,3,replace-all,8,2,4096,21,500.6,538.5
candidate,3,replace-all,8,2,4096,21,496.3,517.0
baseline,1,stable,8,4,8192,21,390.3,400.1
candidate,1,stable,8,4,8192,21,381.1,395.9
candidate,2,stable,8,4,8192,21,384.8,408.0
baseline,2,stable,8,4,8192,21,388.5,405.3
baseline,3,stable,8,4,8192,21,386.1,401.5
candidate,3,stable,8,4,8192,21,368.2,386.0
baseline,1,move,8,4,2048,21,1172.9,1214.3
candidate,1,move,8,4,2048,21,1120.3,1195.6
candidate,2,move,8,4,2048,21,1118.0,1183.6
baseline,2,move,8,4,2048,21,1139.4,1193.7
baseline,3,move,8,4,2048,21,1150.7,1186.6
candidate,3,move,8,4,2048,21,1121.2,1167.3
baseline,1,rotate,8,4,4096,21,712.3,740.1
candidate,1,rotate,8,4,4096,21,705.5,732.6
candidate,2,rotate,8,4,4096,21,697.9,727.6
baseline,2,rotate,8,4,4096,21,709.1,747.5
baseline,3,rotate,8,4,4096,21,711.0,796.5
candidate,3,rotate,8,4,4096,21,709.0,745.4
baseline,1,reverse,8,4,4096,21,870.4,923.5
candidate,1,reverse,8,4,4096,21,870.3,889.8
candidate,2,reverse,8,4,4096,21,881.3,938.0
baseline,2,reverse,8,4,4096,21,873.7,901.9
baseline,3,reverse,8,4,4096,21,862.6,893.4
candidate,3,reverse,8,4,4096,21,864.2,909.3
baseline,1,churn-quarter,8,4,4096,21,592.6,618.2
candidate,1,churn-quarter,8,4,4096,21,572.9,599.1
candidate,2,churn-quarter,8,4,4096,21,575.5,602.6
baseline,2,churn-quarter,8,4,4096,21,623.2,1146.1
baseline,3,churn-quarter,8,4,4096,21,593.2,645.8
candidate,3,churn-quarter,8,4,4096,21,575.6,613.1
baseline,1,replace-all,8,4,2048,21,991.6,1026.8
candidate,1,replace-all,8,4,2048,21,1009.9,1052.3
candidate,2,replace-all,8,4,2048,21,982.2,1040.6
baseline,2,replace-all,8,4,2048,21,983.3,1026.7
baseline,3,replace-all,8,4,2048,21,975.0,1016.0
candidate,3,replace-all,8,4,2048,21,978.3,1023.7
baseline,1,stable,32,1,8192,21,344.5,363.0
candidate,1,stable,32,1,8192,21,314.5,337.7
candidate,2,stable,32,1,8192,21,316.1,334.0
baseline,2,stable,32,1,8192,21,344.4,362.7
baseline,3,stable,32,1,8192,21,341.4,356.4
candidate,3,stable,32,1,8192,21,315.2,324.0
baseline,1,move,32,1,2048,21,1116.0,1183.8
candidate,1,move,32,1,2048,21,1091.0,1174.0
candidate,2,move,32,1,2048,21,1078.5,1141.7
baseline,2,move,32,1,2048,21,1085.7,1147.7
baseline,3,move,32,1,2048,21,1095.5,1152.8
candidate,3,move,32,1,2048,21,1075.5,1138.8
baseline,1,rotate,32,1,2048,21,1224.7,1279.7
candidate,1,rotate,32,1,2048,21,1205.5,1260.2
candidate,2,rotate,32,1,2048,21,1202.9,1240.9
baseline,2,rotate,32,1,2048,21,1204.0,1268.5
baseline,3,rotate,32,1,2048,21,1219.1,1246.3
candidate,3,rotate,32,1,2048,21,1200.4,1250.7
baseline,1,reverse,32,1,2048,21,1455.4,1559.0
candidate,1,reverse,32,1,2048,21,1424.4,1500.4
candidate,2,reverse,32,1,2048,21,1418.5,1492.5
baseline,2,reverse,32,1,2048,21,1447.1,1544.2
baseline,3,reverse,32,1,2048,21,1430.5,1533.8
candidate,3,reverse,32,1,2048,21,1418.9,1506.4
baseline,1,churn-quarter,32,1,4096,21,946.5,991.7
candidate,1,churn-quarter,32,1,4096,21,941.6,999.2
candidate,2,churn-quarter,32,1,4096,21,934.0,982.6
baseline,2,churn-quarter,32,1,4096,21,951.2,986.7
baseline,3,churn-quarter,32,1,2048,21,948.9,981.7
candidate,3,churn-quarter,32,1,4096,21,934.9,965.5
baseline,1,replace-all,32,1,2048,21,1849.8,1951.0
candidate,1,replace-all,32,1,1024,21,1837.7,1942.0
candidate,2,replace-all,32,1,2048,21,1836.9,1895.7
baseline,2,replace-all,32,1,2048,21,1837.0,1934.6
baseline,3,replace-all,32,1,2048,21,1865.3,1958.9
candidate,3,replace-all,32,1,1024,21,2025.0,2121.5
baseline,1,stable,32,2,4096,21,693.9,710.5
candidate,1,stable,32,2,4096,21,642.3,661.2
candidate,2,stable,32,2,4096,21,641.7,666.6
baseline,2,stable,32,2,4096,21,692.1,731.1
baseline,3,stable,32,2,4096,21,689.2,720.5
candidate,3,stable,32,2,4096,21,647.4,671.3
baseline,1,move,32,2,1024,21,2177.2,2235.7
candidate,1,move,32,2,1024,21,2160.6,2281.5
candidate,2,move,32,2,1024,21,2136.5,2273.6
baseline,2,move,32,2,1024,21,2178.5,2265.7
baseline,3,move,32,2,1024,21,2188.7,2257.9
candidate,3,move,32,2,1024,21,2161.4,2275.7
baseline,1,rotate,32,2,1024,21,2428.4,2568.6
candidate,1,rotate,32,2,1024,21,2423.0,2548.6
candidate,2,rotate,32,2,1024,21,2411.2,2509.6
baseline,2,rotate,32,2,1024,21,2437.4,2502.0
baseline,3,rotate,32,2,1024,21,2448.9,2579.3
candidate,3,rotate,32,2,1024,21,2406.2,2508.2
baseline,1,reverse,32,2,1024,21,2859.1,2953.9
candidate,1,reverse,32,2,1024,21,2850.2,2932.1
candidate,2,reverse,32,2,1024,21,2860.6,3009.1
baseline,2,reverse,32,2,1024,21,2859.5,2980.6
baseline,3,reverse,32,2,1024,21,2889.6,3143.4
candidate,3,reverse,32,2,1024,21,2831.8,2977.8
baseline,1,churn-quarter,32,2,2048,21,1909.3,1993.9
candidate,1,churn-quarter,32,2,2048,21,1873.1,1947.6
candidate,2,churn-quarter,32,2,2048,21,1902.5,1982.3
baseline,2,churn-quarter,32,2,2048,21,1945.0,2037.0
baseline,3,churn-quarter,32,2,2048,21,1907.5,2022.9
candidate,3,churn-quarter,32,2,1024,21,1920.0,2043.5
baseline,1,replace-all,32,2,1024,21,3689.6,3959.2
candidate,1,replace-all,32,2,1024,21,3692.9,3931.8
candidate,2,replace-all,32,2,1024,21,3723.4,3889.5
baseline,2,replace-all,32,2,1024,21,3667.1,3904.2
baseline,3,replace-all,32,2,1024,21,3703.1,3806.4
candidate,3,replace-all,32,2,1024,21,3676.1,3807.5
baseline,1,stable,32,4,2048,21,1400.3,1472.9
candidate,1,stable,32,4,2048,21,1335.6,1384.4
candidate,2,stable,32,4,2048,21,1299.6,1370.3
baseline,2,stable,32,4,2048,21,1408.5,1499.7
baseline,3,stable,32,4,2048,21,1402.4,1466.1
candidate,3,stable,32,4,2048,21,1305.7,1354.5
baseline,1,move,32,4,512,21,4334.2,4497.3
candidate,1,move,32,4,512,21,4291.8,4569.5
candidate,2,move,32,4,512,21,4942.8,5259.4
baseline,2,move,32,4,512,21,4371.5,4640.5
baseline,3,move,32,4,512,21,4419.3,4628.2
candidate,3,move,32,4,512,21,4374.5,4577.1
baseline,1,rotate,32,4,512,21,4854.1,5039.2
candidate,1,rotate,32,4,512,21,4851.1,5117.2
candidate,2,rotate,32,4,512,21,4897.9,5224.0
baseline,2,rotate,32,4,512,21,4863.8,5264.8
baseline,3,rotate,32,4,512,21,4853.0,5129.8
candidate,3,rotate,32,4,512,21,4829.2,5090.6
baseline,1,reverse,32,4,512,21,5720.7,6027.0
candidate,1,reverse,32,4,512,21,5692.6,6043.2
candidate,2,reverse,32,4,512,21,5717.5,5980.0
baseline,2,reverse,32,4,512,21,5775.9,5981.5
baseline,3,reverse,32,4,512,21,5768.3,5951.6
candidate,3,reverse,32,4,512,21,5688.2,6077.7
baseline,1,churn-quarter,32,4,1024,21,3859.9,4014.6
candidate,1,churn-quarter,32,4,1024,21,3776.7,3957.8
candidate,2,churn-quarter,32,4,512,21,3836.2,3937.0
baseline,2,churn-quarter,32,4,512,21,3806.6,4007.1
baseline,3,churn-quarter,32,4,1024,21,3866.3,3983.1
candidate,3,churn-quarter,32,4,1024,21,3810.0,3969.6
baseline,1,replace-all,32,4,512,21,7444.3,7736.9
candidate,1,replace-all,32,4,256,21,7774.1,8107.1
candidate,2,replace-all,32,4,512,21,7351.2,7720.2
baseline,2,replace-all,32,4,512,21,7459.0,7844.7
baseline,3,replace-all,32,4,512,21,7368.1,7803.7
candidate,3,replace-all,32,4,256,21,8122.5,8675.7
baseline,1,stable,128,1,2048,21,1306.4,1387.3
candidate,1,stable,128,1,2048,21,1303.9,1382.5
candidate,2,stable,128,1,2048,21,1301.2,1365.9
baseline,2,stable,128,1,2048,21,1307.5,1391.9
baseline,3,stable,128,1,2048,21,1315.2,1363.4
candidate,3,stable,128,1,2048,21,1297.4,1361.8
baseline,1,move,128,1,512,21,5187.5,5427.5
candidate,1,move,128,1,512,21,5249.7,5610.1
candidate,2,move,128,1,512,21,5223.4,5533.3
baseline,2,move,128,1,512,21,5197.8,5484.9
baseline,3,move,128,1,512,21,5193.3,5456.9
candidate,3,move,128,1,512,21,5166.5,5496.0
baseline,1,rotate,128,1,256,21,14344.8,15271.5
candidate,1,rotate,128,1,256,21,14581.3,15347.2
candidate,2,rotate,128,1,256,21,14300.0,14926.6
baseline,2,rotate,128,1,128,21,14526.3,15536.5
baseline,3,rotate,128,1,128,21,14587.3,15291.2
candidate,3,rotate,128,1,256,21,14277.1,14998.5
baseline,1,reverse,128,1,128,21,15712.1,16847.0
candidate,1,reverse,128,1,128,21,15602.0,16370.1
candidate,2,reverse,128,1,128,21,15689.0,16633.2
baseline,2,reverse,128,1,128,21,15658.6,16519.5
baseline,3,reverse,128,1,128,21,15683.8,16314.5
candidate,3,reverse,128,1,256,21,15697.7,16046.1
baseline,1,churn-quarter,128,1,256,21,9819.0,10290.8
candidate,1,churn-quarter,128,1,256,21,9750.2,10137.9
candidate,2,churn-quarter,128,1,256,21,9745.0,10327.2
baseline,2,churn-quarter,128,1,256,21,9876.4,10160.7
baseline,3,churn-quarter,128,1,256,21,9744.9,9993.4
candidate,3,churn-quarter,128,1,256,21,9777.0,10338.1
baseline,1,replace-all,128,1,128,21,25197.1,26602.5
candidate,1,replace-all,128,1,128,21,25374.8,26384.1
candidate,2,replace-all,128,1,128,21,25447.3,26498.2
baseline,2,replace-all,128,1,128,21,25225.2,26046.0
baseline,3,replace-all,128,1,128,21,25312.1,26590.4
candidate,3,replace-all,128,1,128,21,25308.5,26651.8
baseline,1,stable,128,2,1024,21,2629.7,2758.9
candidate,1,stable,128,2,1024,21,2603.9,2726.5
candidate,2,stable,128,2,1024,21,2590.4,2712.6
baseline,2,stable,128,2,1024,21,2642.3,2731.4
baseline,3,stable,128,2,1024,21,2657.1,2749.6
candidate,3,stable,128,2,1024,21,2651.6,2860.9
baseline,1,move,128,2,256,21,10877.5,11690.6
candidate,1,move,128,2,256,21,10608.5,10989.4
candidate,2,move,128,2,256,21,10457.4,10986.6
baseline,2,move,128,2,256,21,10469.5,10782.2
baseline,3,move,128,2,256,21,10467.0,10868.0
candidate,3,move,128,2,256,21,10449.6,10766.5
baseline,1,rotate,128,2,128,21,28731.7,29651.2
candidate,1,rotate,128,2,128,21,28561.5,29887.9
candidate,2,rotate,128,2,128,21,29402.8,31600.5
baseline,2,rotate,128,2,128,21,28843.3,29626.2
baseline,3,rotate,128,2,128,21,28808.3,29652.1
candidate,3,rotate,128,2,128,21,28812.5,29880.1
baseline,1,reverse,128,2,64,21,31415.5,32788.7
candidate,1,reverse,128,2,64,21,31701.8,34127.5
candidate,2,reverse,128,2,64,21,31832.1,34000.9
baseline,2,reverse,128,2,64,21,31626.0,33266.9
baseline,3,reverse,128,2,64,21,31626.6,32866.4
candidate,3,reverse,128,2,64,21,31473.0,32554.1
baseline,1,churn-quarter,128,2,128,21,19610.1,21179.1
candidate,1,churn-quarter,128,2,128,21,19358.5,20155.1
candidate,2,churn-quarter,128,2,128,21,19695.4,21214.1
baseline,2,churn-quarter,128,2,128,21,19730.8,20492.6
baseline,3,churn-quarter,128,2,128,21,19576.3,20618.6
candidate,3,churn-quarter,128,2,128,21,19615.6,20148.3
baseline,1,replace-all,128,2,64,21,50956.6,53978.5
candidate,1,replace-all,128,2,64,21,50527.5,53378.9
candidate,2,replace-all,128,2,64,21,50701.3,54208.6
baseline,2,replace-all,128,2,64,21,51060.4,52749.8
baseline,3,replace-all,128,2,64,21,51264.0,53774.0
candidate,3,replace-all,128,2,64,21,50785.5,54888.4
baseline,1,stable,128,4,512,21,5484.4,8634.7
candidate,1,stable,128,4,256,21,5205.7,5716.6
candidate,2,stable,128,4,512,21,5252.4,5536.9
baseline,2,stable,128,4,512,21,5332.4,5688.9
baseline,3,stable,128,4,512,21,5251.5,5497.7
candidate,3,stable,128,4,512,21,5222.0,5501.8
baseline,1,move,128,4,128,21,21034.8,21790.2
candidate,1,move,128,4,128,21,20986.0,21807.5
candidate,2,move,128,4,128,21,20740.2,22647.2
baseline,2,move,128,4,128,21,20918.6,22261.3
baseline,3,move,128,4,128,21,20670.0,21695.3
candidate,3,move,128,4,128,21,21123.1,22283.1
baseline,1,rotate,128,4,64,21,57930.9,60190.5
candidate,1,rotate,128,4,64,21,57156.4,59837.7
candidate,2,rotate,128,4,64,21,57613.7,60590.1
baseline,2,rotate,128,4,64,21,57463.1,60019.8
baseline,3,rotate,128,4,64,21,57736.5,60270.5
candidate,3,rotate,128,4,64,21,57347.2,59821.7
baseline,1,reverse,128,4,32,21,62478.8,65581.9
candidate,1,reverse,128,4,32,21,63092.4,64945.0
candidate,2,reverse,128,4,32,21,63472.9,67532.2
baseline,2,reverse,128,4,32,21,62965.3,66445.8
baseline,3,reverse,128,4,32,21,63278.5,69003.6
candidate,3,reverse,128,4,64,21,62713.1,65500.0
baseline,1,churn-quarter,128,4,64,21,39385.2,42391.1
candidate,1,churn-quarter,128,4,64,21,38654.7,40714.8
candidate,2,churn-quarter,128,4,64,21,39592.8,42144.4
baseline,2,churn-quarter,128,4,64,21,39052.6,42824.4
baseline,3,churn-quarter,128,4,64,21,39092.3,41857.2
candidate,3,churn-quarter,128,4,64,21,38826.9,41553.2
baseline,1,replace-all,128,4,32,21,101367.8,106131.3
candidate,1,replace-all,128,4,32,21,100985.0,105819.6
candidate,2,replace-all,128,4,32,21,101666.6,106114.5
baseline,2,replace-all,128,4,32,21,102225.2,108541.8
baseline,3,replace-all,128,4,32,21,102255.8,108207.9
candidate,3,replace-all,128,4,32,21,100751.0,107602.5
baseline,1,stable,512,1,512,21,5235.7,5568.6
candidate,1,stable,512,1,512,21,5144.0,5493.0
candidate,2,stable,512,1,512,21,5164.9,5566.8
baseline,2,stable,512,1,512,21,5157.3,5562.0
baseline,3,stable,512,1,512,21,5191.7,5464.7
candidate,3,stable,512,1,512,21,5170.7,5702.4
baseline,1,move,512,1,128,21,23818.3,24376.1
candidate,1,move,512,1,128,21,22992.3,24013.5
candidate,2,move,512,1,128,21,22909.8,23892.3
baseline,2,move,512,1,128,21,23686.7,24597.5
baseline,3,move,512,1,128,21,22852.6,23571.5
candidate,3,move,512,1,128,21,23465.2,25033.0
baseline,1,rotate,512,1,16,21,196231.2,211540.3
candidate,1,rotate,512,1,16,21,194523.4,209571.9
candidate,2,rotate,512,1,16,21,195201.1,206580.9
baseline,2,rotate,512,1,16,21,194843.2,204036.1
baseline,3,rotate,512,1,16,21,195831.7,205680.9
candidate,3,rotate,512,1,16,21,197175.5,212433.8
baseline,1,reverse,512,1,16,21,209006.8,220474.9
candidate,1,reverse,512,1,16,21,204570.1,216529.2
candidate,2,reverse,512,1,16,21,203808.9,212378.4
baseline,2,reverse,512,1,16,21,203345.4,216390.8
baseline,3,reverse,512,1,16,21,205376.4,215779.3
candidate,3,reverse,512,1,16,21,200592.1,211599.9
baseline,1,churn-quarter,512,1,32,21,110360.1,115528.0
candidate,1,churn-quarter,512,1,32,21,121263.9,122555.9
candidate,2,churn-quarter,512,1,32,21,121157.9,124645.0
baseline,2,churn-quarter,512,1,32,21,116946.1,123550.6
baseline,3,churn-quarter,512,1,32,21,113744.5,122006.6
candidate,3,churn-quarter,512,1,32,21,111336.3,120185.2
baseline,1,replace-all,512,1,8,21,376093.8,391608.4
candidate,1,replace-all,512,1,8,21,375853.1,403986.0
candidate,2,replace-all,512,1,8,21,371496.8,396781.9
baseline,2,replace-all,512,1,8,21,374594.2,392072.4
baseline,3,replace-all,512,1,8,21,372607.1,395800.1
candidate,3,replace-all,512,1,8,21,378741.6,394704.0
baseline,1,stable,512,2,256,21,10439.6,11034.2
candidate,1,stable,512,2,256,21,10435.3,11489.5
candidate,2,stable,512,2,256,21,10588.5,11363.8
baseline,2,stable,512,2,256,21,10386.4,11087.2
baseline,3,stable,512,2,256,21,10327.9,10893.1
candidate,3,stable,512,2,256,21,10305.5,11151.7
baseline,1,move,512,2,64,21,47479.7,49471.1
candidate,1,move,512,2,64,21,46174.0,47857.2
candidate,2,move,512,2,64,21,46249.8,48141.2
baseline,2,move,512,2,64,21,45802.0,47444.8
baseline,3,move,512,2,64,21,45615.0,46909.9
candidate,3,move,512,2,64,21,46006.8,48983.6
baseline,1,rotate,512,2,8,21,388599.0,412033.9
candidate,1,rotate,512,2,8,21,390440.8,416829.0
candidate,2,rotate,512,2,8,21,390535.8,402695.9
baseline,2,rotate,512,2,8,21,386823.4,416544.0
baseline,3,rotate,512,2,8,21,387755.2,416091.0
candidate,3,rotate,512,2,8,21,390837.1,412151.1
baseline,1,reverse,512,2,8,21,406456.9,417853.8
candidate,1,reverse,512,2,8,21,405087.5,428755.2
candidate,2,reverse,512,2,8,21,403640.4,416614.0
baseline,2,reverse,512,2,8,21,405179.9,421938.8
baseline,3,reverse,512,2,8,21,402598.6,423219.6
candidate,3,reverse,512,2,8,21,408169.5,424623.9
baseline,1,churn-quarter,512,2,16,21,220508.4,238055.4
candidate,1,churn-quarter,512,2,16,21,219971.9,235419.9
candidate,2,churn-quarter,512,2,16,21,221197.4,232453.4
baseline,2,churn-quarter,512,2,16,21,220298.5,230716.2
baseline,3,churn-quarter,512,2,16,21,221711.1,238947.5
candidate,3,churn-quarter,512,2,16,21,222505.7,234077.0
baseline,1,replace-all,512,2,4,21,751798.0,831201.2
candidate,1,replace-all,512,2,4,21,741292.8,792530.0
candidate,2,replace-all,512,2,4,21,741031.8,787195.5
baseline,2,replace-all,512,2,4,21,765542.8,804827.0
baseline,3,replace-all,512,2,4,21,756240.8,801509.2
candidate,3,replace-all,512,2,4,21,753579.5,790939.5
baseline,1,stable,512,4,128,21,20876.5,22051.8
candidate,1,stable,512,4,128,21,20613.1,22144.0
candidate,2,stable,512,4,128,21,20783.4,21908.6
baseline,2,stable,512,4,128,21,20892.1,21966.4
baseline,3,stable,512,4,128,21,20821.5,21894.7
candidate,3,stable,512,4,128,21,20656.2,21569.3
baseline,1,move,512,4,32,21,94347.1,97451.9
candidate,1,move,512,4,32,21,92731.9,100820.3
candidate,2,move,512,4,32,21,91716.7,95158.2
baseline,2,move,512,4,32,21,91537.2,96092.6
baseline,3,move,512,4,32,21,92043.4,94774.4
candidate,3,move,512,4,32,21,92875.4,95939.5
baseline,1,rotate,512,4,4,21,780032.8,835718.5
candidate,1,rotate,512,4,4,21,781710.0,819240.8
candidate,2,rotate,512,4,4,21,787695.5,824560.0
baseline,2,rotate,512,4,4,21,781148.2,818210.2
baseline,3,rotate,512,4,4,21,783019.0,824460.5
candidate,3,rotate,512,4,4,21,777733.8,822709.5
baseline,1,reverse,512,4,4,21,802807.2,844748.5
candidate,1,reverse,512,4,4,21,804765.5,849174.8
candidate,2,reverse,512,4,4,21,815344.2,849046.0
baseline,2,reverse,512,4,4,21,842403.8,934281.0
baseline,3,reverse,512,4,4,21,816068.5,850848.5
candidate,3,reverse,512,4,4,21,805797.2,852584.0
baseline,1,churn-quarter,512,4,8,21,448830.9,476367.5
candidate,1,churn-quarter,512,4,8,21,447968.6,466866.5
candidate,2,churn-quarter,512,4,8,21,445022.8,472806.2
baseline,2,churn-quarter,512,4,8,21,446174.9,466465.5
baseline,3,churn-quarter,512,4,8,21,444597.8,473585.1
candidate,3,churn-quarter,512,4,8,21,444304.9,464876.0
baseline,1,replace-all,512,4,2,21,1487740.5,1574891.5
candidate,1,replace-all,512,4,2,21,1489036.0,1581626.0
candidate,2,replace-all,512,4,2,21,1499163.5,1563179.0
baseline,2,replace-all,512,4,2,21,1495042.5,1579211.5
baseline,3,replace-all,512,4,2,21,1492595.0,1554262.5
candidate,3,replace-all,512,4,2,21,1504942.5,1592504.5
baseline,1,stable,1024,1,256,21,10321.5,11022.3
candidate,1,stable,1024,1,256,21,10275.9,10990.3
candidate,2,stable,1024,1,256,21,10332.8,11048.3
baseline,2,stable,1024,1,256,21,10545.7,11413.0
baseline,3,stable,1024,1,256,21,10436.3,11328.4
candidate,3,stable,1024,1,256,21,10356.1,12220.0
baseline,1,move,1024,1,32,21,47768.0,101385.1
candidate,1,move,1024,1,64,21,49011.4,52867.8
candidate,2,move,1024,1,64,21,48101.9,50447.6
baseline,2,move,1024,1,64,21,46561.9,49026.9
baseline,3,move,1024,1,64,21,46529.2,49686.6
candidate,3,move,1024,1,64,21,48623.1,50484.7
baseline,1,rotate,1024,1,4,21,749143.0,795686.0
candidate,1,rotate,1024,1,4,21,757823.2,790378.2
candidate,2,rotate,1024,1,4,21,757364.5,822243.8
baseline,2,rotate,1024,1,4,21,751869.8,794577.2
baseline,3,rotate,1024,1,4,21,754877.5,802848.0
candidate,3,rotate,1024,1,4,21,758955.8,806826.2
baseline,1,reverse,1024,1,4,21,768649.8,806189.0
candidate,1,reverse,1024,1,4,21,772271.5,797705.2
candidate,2,reverse,1024,1,4,21,768559.5,798118.2
baseline,2,reverse,1024,1,4,21,766422.5,797042.0
baseline,3,reverse,1024,1,4,21,771563.8,801632.8
candidate,3,reverse,1024,1,4,21,768603.2,810060.0
baseline,1,churn-quarter,1024,1,8,21,406969.6,421385.5
candidate,1,churn-quarter,1024,1,8,21,406669.4,438485.0
candidate,2,churn-quarter,1024,1,8,21,402587.1,412452.6
baseline,2,churn-quarter,1024,1,8,21,408707.6,427095.5
baseline,3,churn-quarter,1024,1,8,21,410910.5,427435.6
candidate,3,churn-quarter,1024,1,8,21,405510.6,435613.1
baseline,1,replace-all,1024,1,2,21,1501899.0,1575770.5
candidate,1,replace-all,1024,1,2,21,1474377.0,1547931.0
candidate,2,replace-all,1024,1,2,21,1470986.0,1553297.5
baseline,2,replace-all,1024,1,2,21,1510547.5,1642618.0
baseline,3,replace-all,1024,1,2,21,1678130.5,1932184.0
candidate,3,replace-all,1024,1,2,21,1659935.0,1945802.0
baseline,1,stable,1024,2,128,21,21078.5,23461.8
candidate,1,stable,1024,2,128,21,21301.3,23393.2
candidate,2,stable,1024,2,128,21,20688.5,23148.0
baseline,2,stable,1024,2,128,21,20792.5,23174.7
baseline,3,stable,1024,2,128,21,21181.9,23210.6
candidate,3,stable,1024,2,128,21,20724.0,23182.1
baseline,1,move,1024,2,32,21,95149.0,102150.5
candidate,1,move,1024,2,32,21,97750.8,107332.1
candidate,2,move,1024,2,32,21,95444.4,100535.9
baseline,2,move,1024,2,32,21,93727.7,101712.7
baseline,3,move,1024,2,32,21,95324.7,102309.3
candidate,3,move,1024,2,32,21,95480.2,102772.8
baseline,1,rotate,1024,2,2,21,1524461.5,1594579.0
candidate,1,rotate,1024,2,2,21,1517613.0,1601471.5
candidate,2,rotate,1024,2,2,21,1515290.5,1609496.5
baseline,2,rotate,1024,2,2,21,1549841.0,1662373.5
baseline,3,rotate,1024,2,2,21,1520664.5,1615648.5
candidate,3,rotate,1024,2,2,21,1500299.5,1602453.0
baseline,1,reverse,1024,2,2,21,1546206.0,1615160.5
candidate,1,reverse,1024,2,2,21,1531551.5,1664348.5
candidate,2,reverse,1024,2,2,21,1657534.0,1699180.0
baseline,2,reverse,1024,2,2,21,1571315.0,1679003.0
baseline,3,reverse,1024,2,2,21,1599502.0,1697184.5
candidate,3,reverse,1024,2,2,21,1542077.5,1673988.5
baseline,1,churn-quarter,1024,2,4,21,827367.0,895693.5
candidate,1,churn-quarter,1024,2,4,21,820203.0,857900.5
candidate,2,churn-quarter,1024,2,4,21,889888.2,916141.8
baseline,2,churn-quarter,1024,2,4,21,809188.2,855166.2
baseline,3,churn-quarter,1024,2,4,21,826367.2,880439.5
candidate,3,churn-quarter,1024,2,4,21,810014.2,898493.2
baseline,1,replace-all,1024,2,1,21,2926919.0,3085430.0
candidate,1,replace-all,1024,2,1,21,2977311.0,3084914.0
candidate,2,replace-all,1024,2,1,21,2941471.0,3069139.0
baseline,2,replace-all,1024,2,1,21,2975739.0,3216133.0
baseline,3,replace-all,1024,2,1,21,2963494.0,3145848.0
candidate,3,replace-all,1024,2,1,21,2973773.0,3071887.0
baseline,1,stable,1024,4,64,21,41949.9,44145.4
candidate,1,stable,1024,4,64,21,41251.7,44067.9
candidate,2,stable,1024,4,64,21,41673.8,43231.4
baseline,2,stable,1024,4,64,21,41856.6,45487.6
baseline,3,stable,1024,4,64,21,42143.0,43572.4
candidate,3,stable,1024,4,64,21,41723.2,43753.7
baseline,1,move,1024,4,16,21,188492.4,193365.4
candidate,1,move,1024,4,16,21,186626.6,204586.4
candidate,2,move,1024,4,16,21,187941.2,198012.1
baseline,2,move,1024,4,16,21,188074.0,202057.8
baseline,3,move,1024,4,16,21,187275.6,197069.4
candidate,3,move,1024,4,16,21,188488.9,199475.4
baseline,1,rotate,1024,4,2,21,3026071.0,3165356.0
candidate,1,rotate,1024,4,2,21,3034656.0,3149237.5
candidate,2,rotate,1024,4,2,21,3044468.0,3106516.5
baseline,2,rotate,1024,4,2,21,3040221.5,3127093.0
baseline,3,rotate,1024,4,2,21,3037691.5,3198500.5
candidate,3,rotate,1024,4,2,21,3070452.0,3250282.5
baseline,1,reverse,1024,4,1,21,3392470.0,3548174.0
candidate,1,reverse,1024,4,1,21,3140249.0,3578059.0
candidate,2,reverse,1024,4,1,21,3085332.0,3198176.0
baseline,2,reverse,1024,4,1,21,3113480.0,4109478.0
baseline,3,reverse,1024,4,1,21,3066180.0,3641657.0
candidate,3,reverse,1024,4,1,21,3089835.0,3165339.0
baseline,1,churn-quarter,1024,4,2,21,1626733.5,1719614.5
candidate,1,churn-quarter,1024,4,2,21,1624307.0,1702925.0
candidate,2,churn-quarter,1024,4,2,21,1620421.5,1715566.0
baseline,2,churn-quarter,1024,4,2,21,1642795.0,1749265.5
baseline,3,churn-quarter,1024,4,2,21,1708545.0,1800518.5
candidate,3,churn-quarter,1024,4,2,21,1632418.5,1750798.0
baseline,1,replace-all,1024,4,1,21,6002140.0,6305680.0
candidate,1,replace-all,1024,4,1,21,6015119.0,6234323.0
candidate,2,replace-all,1024,4,1,21,5951364.0,6089207.0
baseline,2,replace-all,1024,4,1,21,5934042.0,6113737.0
baseline,3,replace-all,1024,4,1,21,5948065.0,6050727.0
candidate,3,replace-all,1024,4,1,21,5936156.0,6173040.0
